Age,BMI,Glucose,Insulin,HOMA,Leptin,Adiponectin,Resistin,MCP.1,Classification
48,23.5,70,2.707,0.467408667,8.8071,9.7024,7.99585,417.114,1
83,20.69049454,92,3.115,0.706897333,8.8438,5.429285,4.06405,468.786,1
82,23.12467037,91,4.498,1.009651067,17.9393,22.43204,9.27715,554.697,1
68,21.36752137,77,3.226,0.612724933,9.8827,7.16956,12.766,928.22,1
86,21.11111111,92,3.549,0.8053864,6.6994,4.81924,10.57635,773.92,1
49,22.85445769,92,3.226,0.732086933,6.8317,13.67975,10.3176,530.41,1
89,22.7,77,4.69,0.890787333,6.964,5.589865,12.9361,1256.083,1
76,23.8,118,6.47,1.883201333,4.311,13.25132,5.1042,280.694,1
73,22.0,97,3.35,0.801543333,4.47,10.358725,6.28445,136.855,1
75,23.0,83,4.952,1.013839467,17.127,11.57899,7.0913,318.302,1
34,21.47,78,3.469,0.6674356,14.57,13.11,6.92,354.6,1
29,23.01,82,5.663,1.145436133,35.59,26.72,4.58,174.8,1
25,22.86,82,4.09,0.827270667,20.45,23.67,5.14,313.73,1
24,18.67,88,6.107,1.33,8.88,36.06,6.85,632.22,1
38,23.34,75,5.782,1.06967,15.26,17.95,9.35,165.02,1
44,20.76,86,7.553,1.6,14.09,20.32,7.64,63.61,1
47,22.03,84,2.869,0.59,26.65,38.04,3.32,191.72,1
61,32.03895937,85,18.077,3.790144333,30.7729,7.780255,13.68392,444.395,1
64,34.5297228,95,4.427,1.037393667,21.2117,5.46262,6.70188,252.449,1
32,36.51263743,87,14.026,3.0099796,49.3727,5.1,17.10223,588.46,1
36,28.57667585,86,4.345,0.921719333,15.1248,8.6,9.1539,534.224,1
34,31.97501487,87,4.53,0.972138,28.7502,7.64276,5.62592,572.783,1
29,32.27078777,84,5.81,1.203832,45.6196,6.209635,24.6033,904.981,1
35,30.27681661,84,4.376,0.9067072,39.2134,9.048185,16.43706,733.797,1
54,30.48315806,90,5.537,1.229214,12.331,9.73138,10.19299,1227.91,1
45,37.03560819,83,6.76,1.383997333,39.9802,4.617125,8.70448,586.173,1
50,38.57875854,106,6.703,1.752611067,46.6401,4.667645,11.78388,887.16,1
66,31.44654088,90,9.245,2.05239,45.9624,10.35526,23.3819,1102.11,1
35,35.2507611,90,6.817,1.513374,50.6094,6.966895,22.03703,667.928,1
36,34.17489,80,6.59,1.300426667,10.2809,5.065915,15.72187,581.313,1
66,36.21227888,101,15.533,3.869788067,74.7069,7.53955,22.32024,864.968,1
53,36.7901662,101,10.175,2.534931667,27.1841,20.03,10.26309,695.754,1
28,35.85581466,87,8.576,1.8404096,68.5102,4.7942,21.44366,358.624,1
43,34.42217362,89,23.194,5.091856133,31.2128,8.300955,6.71026,960.246,1
51,27.68877813,77,3.855,0.732193,20.092,3.19209,10.37518,473.859,1
67,29.60676726,79,5.819,1.133929133,21.9033,2.19428,4.2075,585.307,1
66,31.2385898,82,4.181,0.845676933,16.2247,4.267105,3.29175,634.602,1
69,35.09270153,101,5.646,1.4066068,83.4821,6.796985,82.1,263.499,1
60,26.34929208,103,5.138,1.305394533,24.2998,2.19428,20.2535,378.996,1
77,35.58792924,76,3.881,0.727558133,21.7863,8.12555,17.2615,618.272,1
76,29.2184076,83,5.376,1.1006464,28.562,7.36996,8.04375,698.789,1
76,27.2,94,14.07,3.262364,35.891,9.34663,8.4156,377.227,1
75,27.3,85,5.197,1.089637667,10.39,9.000805,7.5767,335.393,1
69,32.5,93,5.43,1.245642,15.145,11.78796,11.78796,270.142,1
71,30.3,102,8.34,2.098344,56.502,8.13,4.2989,200.976,1
66,27.7,90,6.042,1.341324,24.846,7.652055,6.7052,225.88,1
75,25.7,94,8.079,1.8732508,65.926,3.74122,4.49685,206.802,1
78,25.3,60,3.508,0.519184,6.633,10.567295,4.6638,209.749,1
69,29.4,89,10.704,2.3498848,45.272,8.2863,4.53,215.769,1
85,26.6,96,4.462,1.0566016,7.85,7.9317,9.6135,232.006,1
76,27.1,110,26.211,7.111918,21.778,4.935635,8.49395,45.843,1
77,25.9,85,4.58,0.960273333,13.74,9.75326,11.774,488.829,1
